{
    "type": "nexpaq.module.led",
    "version": "1.0.0",
    "commands": [
        {
            "name": "SetRGB",
            "title": "Set color in RGB",
            "description": "Changes color of module to specified RGB color, takes 3 integers",
            "arguments": [
                {
                    "name": "Red",
                    "validation": "({0} >= 0) and ({0} <= 255)"
                }, 
                {
                    "name": "Green",
                    "validation": "({0} >= 0) and ({0} <= 255)"
                }, 
                {
                    "name": "Blue",
                    "validation": "({0} >= 0) and ({0} <= 255)"
                }
            ],
            "command": "2702"
        },
        {
            "name": "TurnOffLeds",
            "title": "Turn off module leds",
            "description": "Turns off all led elements on module",
            "command": "2700",
            "data": [{
                "defaultValue": 0
            }]
        },
        {
            "name": "SetFlashes",
            "title": "Set Flash brightness",
            "description": "Configure brightness of flash elements",
            "arguments": [
                {
                    "name": "Flash 1 Brightness",
                    "validation": "({0} >= 0) and ({0} <= 9000)"
                },
                {
                    "name": "Flash 2 Brightness",
                    "validation": "({0} >= 0) and ({0} <= 9000)"
                }
            ],
            "command": "270A",
            "data": [
                {
                    "defaultValue": 1
                },
                {
                    "convert": true,
                    "format": "({0} >> 8) & 0xFF"
                },
                {
                    "convert": true,
                    "format": "{0} & 0xFF"
                },
                {
                    "convert": true,
                    "format": "({1} >> 8) & 0xFF"
                },
                {
                    "convert": true,
                    "format": "{1} & 0xFF"
                }
            ]
        },
        {
            "name": "FlashWithDelay",
            "title": "Make flash with delay",
            "description": "Flashes one time with specified power after delay",
            "arguments": [
                {
                    "name": "Power",
                    "validation": "({0} >= 0) and ({0} <= 15)"
                },
                {
                    "name": "Delay",
                    "validation": "({0} >= 0) and ({0} <= 1280)"
                }
            ],
            "command": "270A",
            "data": [
                {
                    "defaultValue": 2
                },
                {
                    "convert": true,
                    "format": "{0}"
                },
                {
                    "convert": true,
                    "format": "({1} >> 8) & 0xFF"
                },
                {
                    "convert": true,
                    "format": "{1} & 0xFF"
                }
            ]
        },
        {
            "name": "TurnOffFlashs",
            "title": "Turn off module flashes",
            "description": "Turn off all module flash elements",
            "command": "270A",
            "data": [{
                "index": 0,
                "defaultValue": 0
            }]
        }
    ]
}