{
    "type": "nexpaq.module.alcohol",
    "version": "1.0.0",
    "commands": [
        {
            "name": "StartSensor",
            "title": "Start Alcohol sensor",
            "description": "To work with Alcohol module and read data, sensor must be started first",
            "command": "2700",
            "data": [
                {
                    "defaultValue": 3
                }
            ]
        },
        {
            "name": "StopSensor",
            "title": "Stop Alcohol sensor",
            "description": "Stop reading data from Alcohol module.",
            "command": "2700",
            "data": [
                {
                    "defaultValue": 4
                }
            ]
        }
    ],
    "dataVariables": [
        {
            "name": "state",
            "title": "State",
            "description": "Gives the state of the sensor",
            "data": [0, 1],
            "state": {
                "FFFF": "heating",
                "FF00": "updating referrence"
            },
            "source": "data"
        },
        {
            "name": "adc",
            "title": "ADC",
            "description": "ADC value detected by module for gas pollution in surrounding area",
            "data": [4, 5],
            "format": "({0} * 256 + {1})",
            "source": "data"
        }
    ]
}