{
    "type": "nexpaq.module.laser",
    "version": "1.0.0",
    "commands": [
        {
            "name": "TurnOnLaser",
            "title": "Turn on laser",
            "description": "Turns on laser module",
            "command": "2700",
            "data": [
                {
                    "defaultValue": 1
                }
            ]
        },
        {
            "name": "TurnOffLaser",
            "title": "Turn off laser",
            "description": "Turns off laser module",
            "command": "2700",
            "data": [
                {
                    "defaultValue": 0
                }
            ]
        }
    ],
    "dataVariables": [
        {
            "name": "cover_state",
            "title": "Cover State",
            "description": "State of module cover",
            "data": [0],
            "state": {
                "00": "closed",
                "01": "open"
            },
            "source": "data"
        }
    ]
}
