{
    "type": "nexpaq.module.range",
    "version": "1.0.0",
    "commands": [
       {
            "name": "TurnOnLaser",
            "title": "Turn on laser",
            "description": "Turns on laser on module",
            "command": "2700"
        },
        {
            "name": "TurnOffLaser",
            "title": "Turn off laser",
            "description": "Turns off laser on module",
            "command": "2702"
        },
        {
            "name": "TakeSingleMeasure",
            "title": "Take single measure",
            "description": "Measures distance once",
            "command": "2704"
        },
        {
            "name": "StartContinuousMeasurement",
            "title": "Start continuousm easurement",
            "description": "Star measuring distance continuously until laser stoped",
            "command": "2706"
        }
    ],
    "dataVariables": [
        {
            "name": "distance",
            "title": "Distance",
            "description": "Measured distance to object",
            "data": [0, 1, 2, 3, 4, 5, 6],
            "convert": "StringUtf8",
            "source": "data"
        }
    ]
}