[{"tileID":"dashboard","_version":"0.9.9","modules":[],"name":"Dashboard","description":"Main nexpaq application dashboard application","title":"Dashboard","cols":2,"rows":2,"color":"black","textColor":"white","icon":"icon.svg","unremovable":true,"alwaysActive":true,"unlisted":true},{"tileID":"feedback","version":"0.0.1","modules":[],"name":"Feedback tile","description":"Nexpaq Feedback tile for collecting user feedback","title":"Feedback","cols":2,"rows":2,"color":"#E74290","textColor":"white","icon":"icon.svg","unremovable":false,"alwaysActive":true},{"tileID":"map","version":"0.0.1","modules":[],"name":"Map tile","description":"Nexpaq Map tile for data analytics","title":"Map","cols":2,"rows":2,"color":"#81C67D","textColor":"white","icon":"icon.svg","unremovable":true,"alwaysActive":true},{"tileID":"maxim.devmod","version":"0.0.2","modules":["nexpaq.devmod","nexpaq.max"],"name":"Maxim DevMod","description":"Maxim DevMod tile for developers and engineers","title":"MaxDevMod","cols":2,"rows":2,"color":"#00B1A8","textColor":"white","icon":"icon.svg","unremovable":false,"alwaysActive":false},{"tileID":"nexpaq.airq","version":"1.0.0","modules":["nexpaq.airq"],"name":"Air Quality","description":"nexpaq Air Quality tile module interface","title":"AirQ","cols":2,"rows":2,"color":"#21A5E0","textColor":"white","icon":"icon.svg","unremovable":false,"alwaysActive":false},{"tileID":"nexpaq.airq-testing","version":"0.0.1","modules":["nexpaq.airq"],"name":"#Air Quality","description":"nexpaq Air Quality testing tile","title":"#AirQ","cols":2,"rows":2,"color":"#21A5E0","textColor":"white","icon":"icon.svg","unremovable":false,"alwaysActive":false},{"tileID":"nexpaq.alcohol","version":"1.0.0","modules":["nexpaq.alcohol"],"name":"Alcohol","description":"Nexpaq Alcohol tile module interface","title":"Alcohol","cols":2,"rows":2,"color":"#1DC3BC","textColor":"white","icon":"icon.svg","unremovable":false,"alwaysActive":false},{"tileID":"nexpaq.alcohol-testing","modules":["nexpaq.alcohol"],"name":"#Alcohol","description":"nexpaq Alcohol testing tile","title":"#Alcohol","cols":2,"rows":2,"color":"#1DC3BC","textColor":"white","icon":"icon.svg","unremovable":false,"alwaysActive":false},{"tileID":"nexpaq.battery-testing","version":"0.0.2","modules":["nexpaq.battery"],"name":"#Battery","description":"nexpaq battery testing tile","title":"#Battery","cols":2,"rows":2,"color":"#92CD4C","textColor":"white","icon":"icon.svg","unremovable":false,"alwaysActive":false},{"tileID":"nexpaq.devmod","varsion":"0.9.0","modules":["nexpaq.devmod","nexpaq.msp","nexpaq.max"],"name":"DevMod","description":"DevMod tile for developers and engineers","title":"DevMod","cols":2,"rows":2,"color":"#606060","textColor":"white","icon":"icon.svg","unremovable":false,"alwaysActive":false},{"tileID":"nexpaq.dummy","modules":["nexpaq.dummy"],"name":"Dummy","description":"Nexpaq Dummy module placeholder","title":"Dummy","cols":2,"rows":2,"color":"#6E80C6","textColor":"white","icon":"icon.svg","unremovable":false,"alwaysActive":false},{"tileID":"nexpaq.hat","version":"0.9.0","modules":["nexpaq.hat"],"name":"Humidity & Temperature","description":"Nexpaq Humidity & Temperature tile module interface","title":"Humidity & Temperature","cols":2,"rows":2,"color":"#FFC657","textColor":"white","icon":"icon.svg","unremovable":false,"alwaysActive":false},{"tileID":"nexpaq.hat-testing","version":"0.0.1","modules":["nexpaq.hat"],"name":"#Humidity & Temperature","description":"nexpaq Humidity & Temperature testing tile","title":"#Humidity & Temperature","cols":2,"rows":2,"color":"#FFC657","textColor":"white","icon":"icon.svg","unremovable":false,"alwaysActive":false},{"tileID":"nexpaq.hotkeys","modules":["nexpaq.hotkeys"],"version":"0.0.2","name":"HotKeys","description":"Nexpaq HotKeys tile module interface","title":"HotKeys","cols":2,"rows":2,"color":"#FD8541","textColor":"white","icon":"icon.svg","unremovable":false,"alwaysActive":false},{"tileID":"nexpaq.laser","version":"0.5.0","modules":["nexpaq.laser"],"name":"Laser","description":"Nexpaq Laser tile module interface","title":"Laser","cols":2,"rows":2,"color":"#EE3696","textColor":"white","icon":"icon.svg","unremovable":false,"alwaysActive":false},{"tileID":"nexpaq.led","version":"1.0.0","author":"nexpaq - Hazal Ozcan","modules":["nexpaq.led"],"name":"LED","description":"Nexpaq LED tile module interface","title":"LED","cols":2,"rows":2,"color":"#40CF9A","textColor":"white","icon":"icon.svg","unremovable":false,"alwaysActive":false},{"tileID":"nexpaq.led-testing","version":"0.0.1","modules":["nexpaq.led"],"name":"#LED","description":"nexpaq LED testing tile","title":"#LED","cols":2,"rows":2,"color":"#40CF9A","textColor":"white","icon":"icon.svg","unremovable":false,"alwaysActive":false},{"tileID":"nexpaq.memory-testing","version":"0.0.1","modules":["nexpaq.memory"],"name":"#Memory","description":"nexpaq Memory testing tile","title":"#Memory","cols":2,"rows":2,"color":"#5999DE","textColor":"white","icon":"icon.svg","unremovable":false,"alwaysActive":false},{"tileID":"nexpaq.range","version":"0.9.0","modules":["nexpaq.range"],"name":"Laser Distance","description":"nexpaq Laser distance tile","title":"Distance","cols":2,"rows":2,"color":"#F57C23","textColor":"white","icon":"icon.svg","unremovable":false,"alwaysActive":false},{"tileID":"nexpaq.range-testing","version":"0.0.2","modules":["nexpaq.range"],"name":"#Laser distance","description":"nexpaq Laser distance testing tile","title":"#Laser Distance","cols":2,"rows":2,"color":"deepskyblue","textColor":"white","icon":"icon.svg","unremovable":false,"alwaysActive":false},{"tileID":"nexpaq.sd-testing","varsion":"0.0.1","modules":["nexpaq.sd"],"name":"#SD","description":"nexpaq SD testing tile","title":"#SD","cols":2,"rows":2,"color":"#D43755","textColor":"white","icon":"icon.svg","unremovable":false,"alwaysActive":false},{"tileID":"nexpaq.speaker-testing","version":"0.0.1","modules":["nexpaq.speaker"],"name":"#Speaker","description":"nexpaq Speaker testing tile","title":"#Speaker","cols":2,"rows":2,"color":"#DF5250","textColor":"white","icon":"icon.svg","unremovable":false,"alwaysActive":false},{"tileID":"nexpaq.usbflash-testing","version":"0.0.1","modules":["nexpaq.usbflash"],"name":"#USB Flash","description":"nexpaq USB Flash testing tile","title":"#USB Flash","cols":2,"rows":2,"color":"#4BC3DA","textColor":"white","icon":"icon.svg","unremovable":false,"alwaysActive":false},{"tileID":"timeline","version":"0.0.1","modules":[],"name":"Timeline tile","description":"Nexpaq Timeline tile for data analytics","title":"Timeline","cols":2,"rows":2,"color":"#DA64C2","textColor":"white","icon":"icon.svg","unremovable":true,"alwaysActive":true},{"tileID":"unknown","modules":["unknown"],"name":"Unknown tile","description":"Placeholder for unknown module","title":"Unknown","cols":2,"rows":2,"color":"black","textColor":"white","icon":"icon.svg","unremovable":false,"alwaysActive":false}]