[
  {
     "name":"RGB_LED",
     "cmd":[
        39,
        0
     ]
  },
  {
     "name":"PIN_MODE",
     "cmd":[
        39,
        2
     ]
  },
   {
      "name":"2700",
      "cmd":[
         39,
         0
      ]
   },
   {
      "name":"2701",
      "cmd":[
         39,
         1
      ]
   },
   {
      "name":"2702",
      "cmd":[
         39,
         2
      ]
   },
   {
      "name":"2703",
      "cmd":[
         39,
         3
      ]
   },
   {
      "name":"2704",
      "cmd":[
         39,
         4
      ]
   },
   {
      "name":"2705",
      "cmd":[
         39,
         5
      ]
   },
   {
      "name":"2706",
      "cmd":[
         39,
         6
      ]
   },
   {
      "name":"2707",
      "cmd":[
         39,
         7
      ]
   },
   {
      "name":"2708",
      "cmd":[
         39,
         8
      ]
   },
   {
      "name":"2709",
      "cmd":[
         39,
         9
      ]
   },
   {
      "name":"270A",
      "cmd":[
         39,
         10
      ]
   },
   {
      "name":"270B",
      "cmd":[
         39,
         11
      ]
   },
   {
      "name":"270C",
      "cmd":[
         39,
         12
      ]
   },
   {
      "name":"270D",
      "cmd":[
         39,
         13
      ]
   },
   {
      "name":"270E",
      "cmd":[
         39,
         14
      ]
   },
   {
      "name":"270F",
      "cmd":[
         39,
         15
      ]
   },
   {
      "name":"2710",
      "cmd":[
         39,
         16
      ]
   },
   {
      "name":"2711",
      "cmd":[
         39,
         17
      ]
   },
   {
      "name":"2712",
      "cmd":[
         39,
         18
      ]
   },
   {
      "name":"2713",
      "cmd":[
         39,
         19
      ]
   },
   {
      "name":"2714",
      "cmd":[
         39,
         20
      ]
   },
   {
      "name":"2715",
      "cmd":[
         39,
         21
      ]
   },
   {
      "name":"2716",
      "cmd":[
         39,
         22
      ]
   },
   {
      "name":"2717",
      "cmd":[
         39,
         23
      ]
   },
   {
      "name":"2718",
      "cmd":[
         39,
         24
      ]
   },
   {
      "name":"2719",
      "cmd":[
         39,
         25
      ]
   },
   {
      "name":"271A",
      "cmd":[
         39,
         26
      ]
   },
   {
      "name":"271B",
      "cmd":[
         39,
         27
      ]
   },
   {
      "name":"271C",
      "cmd":[
         39,
         28
      ]
   },
   {
      "name":"271D",
      "cmd":[
         39,
         29
      ]
   },
   {
      "name":"271E",
      "cmd":[
         39,
         30
      ]
   },
   {
      "name":"271F",
      "cmd":[
         39,
         31
      ]
   },
   {
      "name":"2720",
      "cmd":[
         39,
         32
      ]
   },
   {
      "name":"2721",
      "cmd":[
         39,
         33
      ]
   },
   {
      "name":"2722",
      "cmd":[
         39,
         34
      ]
   },
   {
      "name":"2723",
      "cmd":[
         39,
         35
      ]
   },
   {
      "name":"2724",
      "cmd":[
         39,
         36
      ]
   },
   {
      "name":"2725",
      "cmd":[
         39,
         37
      ]
   },
   {
      "name":"2726",
      "cmd":[
         39,
         38
      ]
   },
   {
      "name":"2727",
      "cmd":[
         39,
         39
      ]
   },
   {
      "name":"2728",
      "cmd":[
         39,
         40
      ]
   },
   {
      "name":"2729",
      "cmd":[
         39,
         41
      ]
   },
   {
      "name":"272A",
      "cmd":[
         39,
         42
      ]
   },
   {
      "name":"272B",
      "cmd":[
         39,
         43
      ]
   },
   {
      "name":"272C",
      "cmd":[
         39,
         44
      ]
   },
   {
      "name":"272D",
      "cmd":[
         39,
         45
      ]
   },
   {
      "name":"272E",
      "cmd":[
         39,
         46
      ]
   },
   {
      "name":"272F",
      "cmd":[
         39,
         47
      ]
   },
   {
      "name":"2730",
      "cmd":[
         39,
         48
      ]
   },
   {
      "name":"2731",
      "cmd":[
         39,
         49
      ]
   },
   {
      "name":"2732",
      "cmd":[
         39,
         50
      ]
   },
   {
      "name":"2733",
      "cmd":[
         39,
         51
      ]
   },
   {
      "name":"2734",
      "cmd":[
         39,
         52
      ]
   },
   {
      "name":"2735",
      "cmd":[
         39,
         53
      ]
   },
   {
      "name":"2736",
      "cmd":[
         39,
         54
      ]
   },
   {
      "name":"2737",
      "cmd":[
         39,
         55
      ]
   },
   {
      "name":"2738",
      "cmd":[
         39,
         56
      ]
   },
   {
      "name":"2739",
      "cmd":[
         39,
         57
      ]
   },
   {
      "name":"273A",
      "cmd":[
         39,
         58
      ]
   },
   {
      "name":"273B",
      "cmd":[
         39,
         59
      ]
   },
   {
      "name":"273C",
      "cmd":[
         39,
         60
      ]
   },
   {
      "name":"273D",
      "cmd":[
         39,
         61
      ]
   },
   {
      "name":"273E",
      "cmd":[
         39,
         62
      ]
   },
   {
      "name":"273F",
      "cmd":[
         39,
         63
      ]
   },
   {
      "name":"2740",
      "cmd":[
         39,
         64
      ]
   },
   {
      "name":"2741",
      "cmd":[
         39,
         65
      ]
   },
   {
      "name":"2742",
      "cmd":[
         39,
         66
      ]
   },
   {
      "name":"2743",
      "cmd":[
         39,
         67
      ]
   },
   {
      "name":"2744",
      "cmd":[
         39,
         68
      ]
   },
   {
      "name":"2745",
      "cmd":[
         39,
         69
      ]
   },
   {
      "name":"2746",
      "cmd":[
         39,
         70
      ]
   },
   {
      "name":"2747",
      "cmd":[
         39,
         71
      ]
   },
   {
      "name":"2748",
      "cmd":[
         39,
         72
      ]
   },
   {
      "name":"2749",
      "cmd":[
         39,
         73
      ]
   },
   {
      "name":"274A",
      "cmd":[
         39,
         74
      ]
   },
   {
      "name":"274B",
      "cmd":[
         39,
         75
      ]
   },
   {
      "name":"274C",
      "cmd":[
         39,
         76
      ]
   },
   {
      "name":"274D",
      "cmd":[
         39,
         77
      ]
   },
   {
      "name":"274E",
      "cmd":[
         39,
         78
      ]
   },
   {
      "name":"274F",
      "cmd":[
         39,
         79
      ]
   },
   {
      "name":"2750",
      "cmd":[
         39,
         80
      ]
   },
   {
      "name":"2751",
      "cmd":[
         39,
         81
      ]
   },
   {
      "name":"2752",
      "cmd":[
         39,
         82
      ]
   },
   {
      "name":"2753",
      "cmd":[
         39,
         83
      ]
   },
   {
      "name":"2754",
      "cmd":[
         39,
         84
      ]
   },
   {
      "name":"2755",
      "cmd":[
         39,
         85
      ]
   },
   {
      "name":"2756",
      "cmd":[
         39,
         86
      ]
   },
   {
      "name":"2757",
      "cmd":[
         39,
         87
      ]
   },
   {
      "name":"2758",
      "cmd":[
         39,
         88
      ]
   },
   {
      "name":"2759",
      "cmd":[
         39,
         89
      ]
   },
   {
      "name":"275A",
      "cmd":[
         39,
         90
      ]
   },
   {
      "name":"275B",
      "cmd":[
         39,
         91
      ]
   },
   {
      "name":"275C",
      "cmd":[
         39,
         92
      ]
   },
   {
      "name":"275D",
      "cmd":[
         39,
         93
      ]
   },
   {
      "name":"275E",
      "cmd":[
         39,
         94
      ]
   },
   {
      "name":"275F",
      "cmd":[
         39,
         95
      ]
   },
   {
      "name":"2760",
      "cmd":[
         39,
         96
      ]
   },
   {
      "name":"2761",
      "cmd":[
         39,
         97
      ]
   },
   {
      "name":"2762",
      "cmd":[
         39,
         98
      ]
   },
   {
      "name":"2763",
      "cmd":[
         39,
         99
      ]
   },
   {
      "name":"2764",
      "cmd":[
         39,
         100
      ]
   },
   {
      "name":"2765",
      "cmd":[
         39,
         101
      ]
   },
   {
      "name":"2766",
      "cmd":[
         39,
         102
      ]
   },
   {
      "name":"2767",
      "cmd":[
         39,
         103
      ]
   },
   {
      "name":"2768",
      "cmd":[
         39,
         104
      ]
   },
   {
      "name":"2769",
      "cmd":[
         39,
         105
      ]
   },
   {
      "name":"276A",
      "cmd":[
         39,
         106
      ]
   },
   {
      "name":"276B",
      "cmd":[
         39,
         107
      ]
   },
   {
      "name":"276C",
      "cmd":[
         39,
         108
      ]
   },
   {
      "name":"276D",
      "cmd":[
         39,
         109
      ]
   },
   {
      "name":"276E",
      "cmd":[
         39,
         110
      ]
   },
   {
      "name":"276F",
      "cmd":[
         39,
         111
      ]
   },
   {
      "name":"2770",
      "cmd":[
         39,
         112
      ]
   },
   {
      "name":"2771",
      "cmd":[
         39,
         113
      ]
   },
   {
      "name":"2772",
      "cmd":[
         39,
         114
      ]
   },
   {
      "name":"2773",
      "cmd":[
         39,
         115
      ]
   },
   {
      "name":"2774",
      "cmd":[
         39,
         116
      ]
   },
   {
      "name":"2775",
      "cmd":[
         39,
         117
      ]
   },
   {
      "name":"2776",
      "cmd":[
         39,
         118
      ]
   },
   {
      "name":"2777",
      "cmd":[
         39,
         119
      ]
   },
   {
      "name":"2778",
      "cmd":[
         39,
         120
      ]
   },
   {
      "name":"2779",
      "cmd":[
         39,
         121
      ]
   },
   {
      "name":"277A",
      "cmd":[
         39,
         122
      ]
   },
   {
      "name":"277B",
      "cmd":[
         39,
         123
      ]
   },
   {
      "name":"277C",
      "cmd":[
         39,
         124
      ]
   },
   {
      "name":"277D",
      "cmd":[
         39,
         125
      ]
   },
   {
      "name":"277E",
      "cmd":[
         39,
         126
      ]
   },
   {
      "name":"277F",
      "cmd":[
         39,
         127
      ]
   },
   {
      "name":"2780",
      "cmd":[
         39,
         128
      ]
   },
   {
      "name":"2781",
      "cmd":[
         39,
         129
      ]
   },
   {
      "name":"2782",
      "cmd":[
         39,
         130
      ]
   },
   {
      "name":"2783",
      "cmd":[
         39,
         131
      ]
   },
   {
      "name":"2784",
      "cmd":[
         39,
         132
      ]
   },
   {
      "name":"2785",
      "cmd":[
         39,
         133
      ]
   },
   {
      "name":"2786",
      "cmd":[
         39,
         134
      ]
   },
   {
      "name":"2787",
      "cmd":[
         39,
         135
      ]
   },
   {
      "name":"2788",
      "cmd":[
         39,
         136
      ]
   },
   {
      "name":"2789",
      "cmd":[
         39,
         137
      ]
   },
   {
      "name":"278A",
      "cmd":[
         39,
         138
      ]
   },
   {
      "name":"278B",
      "cmd":[
         39,
         139
      ]
   },
   {
      "name":"278C",
      "cmd":[
         39,
         140
      ]
   },
   {
      "name":"278D",
      "cmd":[
         39,
         141
      ]
   },
   {
      "name":"278E",
      "cmd":[
         39,
         142
      ]
   },
   {
      "name":"278F",
      "cmd":[
         39,
         143
      ]
   },
   {
      "name":"2790",
      "cmd":[
         39,
         144
      ]
   },
   {
      "name":"2791",
      "cmd":[
         39,
         145
      ]
   },
   {
      "name":"2792",
      "cmd":[
         39,
         146
      ]
   },
   {
      "name":"2793",
      "cmd":[
         39,
         147
      ]
   },
   {
      "name":"2794",
      "cmd":[
         39,
         148
      ]
   },
   {
      "name":"2795",
      "cmd":[
         39,
         149
      ]
   },
   {
      "name":"2796",
      "cmd":[
         39,
         150
      ]
   },
   {
      "name":"2797",
      "cmd":[
         39,
         151
      ]
   },
   {
      "name":"2798",
      "cmd":[
         39,
         152
      ]
   },
   {
      "name":"2799",
      "cmd":[
         39,
         153
      ]
   },
   {
      "name":"279A",
      "cmd":[
         39,
         154
      ]
   },
   {
      "name":"279B",
      "cmd":[
         39,
         155
      ]
   },
   {
      "name":"279C",
      "cmd":[
         39,
         156
      ]
   },
   {
      "name":"279D",
      "cmd":[
         39,
         157
      ]
   },
   {
      "name":"279E",
      "cmd":[
         39,
         158
      ]
   },
   {
      "name":"279F",
      "cmd":[
         39,
         159
      ]
   },
   {
      "name":"27A0",
      "cmd":[
         39,
         160
      ]
   },
   {
      "name":"27A1",
      "cmd":[
         39,
         161
      ]
   },
   {
      "name":"27A2",
      "cmd":[
         39,
         162
      ]
   },
   {
      "name":"27A3",
      "cmd":[
         39,
         163
      ]
   },
   {
      "name":"27A4",
      "cmd":[
         39,
         164
      ]
   },
   {
      "name":"27A5",
      "cmd":[
         39,
         165
      ]
   },
   {
      "name":"27A6",
      "cmd":[
         39,
         166
      ]
   },
   {
      "name":"27A7",
      "cmd":[
         39,
         167
      ]
   },
   {
      "name":"27A8",
      "cmd":[
         39,
         168
      ]
   },
   {
      "name":"27A9",
      "cmd":[
         39,
         169
      ]
   },
   {
      "name":"27AA",
      "cmd":[
         39,
         170
      ]
   },
   {
      "name":"27AB",
      "cmd":[
         39,
         171
      ]
   },
   {
      "name":"27AC",
      "cmd":[
         39,
         172
      ]
   },
   {
      "name":"27AD",
      "cmd":[
         39,
         173
      ]
   },
   {
      "name":"27AE",
      "cmd":[
         39,
         174
      ]
   },
   {
      "name":"27AF",
      "cmd":[
         39,
         175
      ]
   },
   {
      "name":"27B0",
      "cmd":[
         39,
         176
      ]
   },
   {
      "name":"27B1",
      "cmd":[
         39,
         177
      ]
   },
   {
      "name":"27B2",
      "cmd":[
         39,
         178
      ]
   },
   {
      "name":"27B3",
      "cmd":[
         39,
         179
      ]
   },
   {
      "name":"27B4",
      "cmd":[
         39,
         180
      ]
   },
   {
      "name":"27B5",
      "cmd":[
         39,
         181
      ]
   },
   {
      "name":"27B6",
      "cmd":[
         39,
         182
      ]
   },
   {
      "name":"27B7",
      "cmd":[
         39,
         183
      ]
   },
   {
      "name":"27B8",
      "cmd":[
         39,
         184
      ]
   },
   {
      "name":"27B9",
      "cmd":[
         39,
         185
      ]
   },
   {
      "name":"27BA",
      "cmd":[
         39,
         186
      ]
   },
   {
      "name":"27BB",
      "cmd":[
         39,
         187
      ]
   },
   {
      "name":"27BC",
      "cmd":[
         39,
         188
      ]
   },
   {
      "name":"27BD",
      "cmd":[
         39,
         189
      ]
   },
   {
      "name":"27BE",
      "cmd":[
         39,
         190
      ]
   },
   {
      "name":"27BF",
      "cmd":[
         39,
         191
      ]
   },
   {
      "name":"27C0",
      "cmd":[
         39,
         192
      ]
   },
   {
      "name":"27C1",
      "cmd":[
         39,
         193
      ]
   },
   {
      "name":"27C2",
      "cmd":[
         39,
         194
      ]
   },
   {
      "name":"27C3",
      "cmd":[
         39,
         195
      ]
   },
   {
      "name":"27C4",
      "cmd":[
         39,
         196
      ]
   },
   {
      "name":"27C5",
      "cmd":[
         39,
         197
      ]
   },
   {
      "name":"27C6",
      "cmd":[
         39,
         198
      ]
   },
   {
      "name":"27C7",
      "cmd":[
         39,
         199
      ]
   },
   {
      "name":"27C8",
      "cmd":[
         39,
         200
      ]
   },
   {
      "name":"27C9",
      "cmd":[
         39,
         201
      ]
   },
   {
      "name":"27CA",
      "cmd":[
         39,
         202
      ]
   },
   {
      "name":"27CB",
      "cmd":[
         39,
         203
      ]
   },
   {
      "name":"27CC",
      "cmd":[
         39,
         204
      ]
   },
   {
      "name":"27CD",
      "cmd":[
         39,
         205
      ]
   },
   {
      "name":"27CE",
      "cmd":[
         39,
         206
      ]
   },
   {
      "name":"27CF",
      "cmd":[
         39,
         207
      ]
   },
   {
      "name":"27D0",
      "cmd":[
         39,
         208
      ]
   },
   {
      "name":"27D1",
      "cmd":[
         39,
         209
      ]
   },
   {
      "name":"27D2",
      "cmd":[
         39,
         210
      ]
   },
   {
      "name":"27D3",
      "cmd":[
         39,
         211
      ]
   },
   {
      "name":"27D4",
      "cmd":[
         39,
         212
      ]
   },
   {
      "name":"27D5",
      "cmd":[
         39,
         213
      ]
   },
   {
      "name":"27D6",
      "cmd":[
         39,
         214
      ]
   },
   {
      "name":"27D7",
      "cmd":[
         39,
         215
      ]
   },
   {
      "name":"27D8",
      "cmd":[
         39,
         216
      ]
   },
   {
      "name":"27D9",
      "cmd":[
         39,
         217
      ]
   },
   {
      "name":"27DA",
      "cmd":[
         39,
         218
      ]
   },
   {
      "name":"27DB",
      "cmd":[
         39,
         219
      ]
   },
   {
      "name":"27DC",
      "cmd":[
         39,
         220
      ]
   },
   {
      "name":"27DD",
      "cmd":[
         39,
         221
      ]
   },
   {
      "name":"27DE",
      "cmd":[
         39,
         222
      ]
   },
   {
      "name":"27DF",
      "cmd":[
         39,
         223
      ]
   },
   {
      "name":"27E0",
      "cmd":[
         39,
         224
      ]
   },
   {
      "name":"27E1",
      "cmd":[
         39,
         225
      ]
   },
   {
      "name":"27E2",
      "cmd":[
         39,
         226
      ]
   },
   {
      "name":"27E3",
      "cmd":[
         39,
         227
      ]
   },
   {
      "name":"27E4",
      "cmd":[
         39,
         228
      ]
   },
   {
      "name":"27E5",
      "cmd":[
         39,
         229
      ]
   },
   {
      "name":"27E6",
      "cmd":[
         39,
         230
      ]
   },
   {
      "name":"27E7",
      "cmd":[
         39,
         231
      ]
   },
   {
      "name":"27E8",
      "cmd":[
         39,
         232
      ]
   },
   {
      "name":"27E9",
      "cmd":[
         39,
         233
      ]
   },
   {
      "name":"27EA",
      "cmd":[
         39,
         234
      ]
   },
   {
      "name":"27EB",
      "cmd":[
         39,
         235
      ]
   },
   {
      "name":"27EC",
      "cmd":[
         39,
         236
      ]
   },
   {
      "name":"27ED",
      "cmd":[
         39,
         237
      ]
   },
   {
      "name":"27EE",
      "cmd":[
         39,
         238
      ]
   },
   {
      "name":"27EF",
      "cmd":[
         39,
         239
      ]
   },
   {
      "name":"27F0",
      "cmd":[
         39,
         240
      ]
   },
   {
      "name":"27F1",
      "cmd":[
         39,
         241
      ]
   },
   {
      "name":"27F2",
      "cmd":[
         39,
         242
      ]
   },
   {
      "name":"27F3",
      "cmd":[
         39,
         243
      ]
   },
   {
      "name":"27F4",
      "cmd":[
         39,
         244
      ]
   },
   {
      "name":"27F5",
      "cmd":[
         39,
         245
      ]
   },
   {
      "name":"27F6",
      "cmd":[
         39,
         246
      ]
   },
   {
      "name":"27F7",
      "cmd":[
         39,
         247
      ]
   },
   {
      "name":"27F8",
      "cmd":[
         39,
         248
      ]
   },
   {
      "name":"27F9",
      "cmd":[
         39,
         249
      ]
   },
   {
      "name":"27FA",
      "cmd":[
         39,
         250
      ]
   },
   {
      "name":"27FB",
      "cmd":[
         39,
         251
      ]
   },
   {
      "name":"27FC",
      "cmd":[
         39,
         252
      ]
   },
   {
      "name":"27FD",
      "cmd":[
         39,
         253
      ]
   },
   {
      "name":"27FE",
      "cmd":[
         39,
         254
      ]
   },
   {
      "name":"27FF",
      "cmd":[
         39,
         255
      ]
   }
]
